Day	Month	Year	DAP	Stage	Rain.x	ETo	Tmin	Tavg	Tmax	CO2	ECe1	ECe2	ECe3	ECe4	ECe5	ECe6	ECe7	ECe8	ECe9	ECe10	ECe11	ECe12	WC1(vol%)	WC2(vol%)	WC3(vol%)	WC4(vol%)	WC5(vol%)	WC6(vol%)	WC7(vol%)	WC8(vol%)	WC9(vol%)	WC10(vol%)	WC11(vol%)	WC12(vol%)	GD	Z.x	StExp	StSto	StSen	StSalt.x	StWeed	CC	CCw	StTr	Kc(Tr)	Trx.x	Tr.x	TrW	Tr/Trx.x	WP	Biomass	HI	YieldPart	Brelative	WPet	E.x	Trx.y	ET.x	Rain.y	Inet	WCTot.x	Wr(Zx)	Z.y	Wr	Wr(SAT)	Wr(FC)	Wr(exp)	Wr(sto)	Wr(sen)	Wr(PWP)	SaltIn	SaltOut	SaltUp	SaltTot	SaltZ	Z	ECe	ECsw	StSalt.y	Zgwt.x	ECgw	WCTot.y	Rain	Irri	Surf	Infilt	RO	Drain	CR	Zgwt.y	Ex	E.y	E/Ex	Trx	Tr.y	Tr/Trx.y	ETx	ET.y	ET/ETx
15	4	2017	1	1	0	6	8.3	16.7	25.1	404	0	0	0	0	0	0	0	0	0	0	0	0	26.1	31	31	31	31	31	31	31	31	31	31	31	8.7	0.3	-9	-9	-9	0	-9	0	0	0	-9	0	0	0	100	34.6	0	-9.9	0	-9	0	4.9	0	4.9	0	0	367.1	305.1	0.3	88.1	138	93	86.3	61	59.9	45	0	0	0	0	0	0.3	0	0	0	-9.9	-9	367.1	0	0	0	0	0	0	0	-9.9	6.6	4.9	74	0	0	100	6.6	4.9	74
16	4	2017	2	1	0	5.6	10.9	18.4	25.8	404	0	0	0	0	0	0	0	0	0	0	0	0	23.2	31	31	31	31	31	31	31	31	31	31	31	10.4	0.3	-9	-9	-9	0	-9	0	0	0	-9	0	0	0	100	34.6	0	-9.9	0	-9	0	2.9	0	2.9	0	0	364.2	302.2	0.3	85.2	138	93	86.3	60.5	59.9	45	0	0	0	0	0	0.3	0	0	0	-9.9	-9	364.2	0	0	0	0	0	0	0	-9.9	6.2	2.9	47	0	0	100	6.2	2.9	47
17	4	2017	3	1	0	6.1	12.5	19.6	26.8	404	0	0	0	0	0	0	0	0	0	0	0	0	20.9	31	31	31	31	31	31	31	31	31	31	31	11.6	0.3	-9	-9	-9	0	-9	0	0	0	-9	0	0	0	100	34.6	0	-9.9	0	-9	0	2.3	0	2.3	0	0	361.9	299.9	0.3	82.9	138	93	86.3	61.1	59.9	45	0	0	0	0	0	0.3	0	0	0	-9.9	-9	361.9	0	0	0	0	0	0	0	-9.9	6.7	2.3	35	0	0	100	6.7	2.3	35
18	4	2017	4	1	0.1	5.2	11.6	18.9	26.1	404	0	0	0	0	0	0	0	0	0	0	0	0	17.3	31	31	31	31	31	31	31	31	31	31	31	10.9	0.3	-9	-9	-9	0	-9	0	0	0	-9	0	0	0	100	34.6	0	-9.9	0	-9	0	3.7	0	3.7	0.1	0	358.3	296.3	0.3	79.3	138	93	86.3	60.1	59.9	45	0	0	0	0	0	0.3	0	0	0	-9.9	-9	358.3	0.1	0	0	0.1	0	0	0	-9.9	5.7	3.7	64	0	0	100	5.7	3.7	64
19	4	2017	5	1	0	6.2	10.9	19.1	27.4	404	0	0	0	0	0	0	0	0	0	0	0	0	14.6	31	31	31	31	31	31	31	31	31	31	31	11.1	0.3	-9	-9	-9	0	-9	0	0	0	-9	0	0	0	100	34.6	0	-9.9	0	-9	0	2.7	0	2.7	0	0	355.6	293.6	0.3	76.6	138	93	86.3	61.2	59.9	45	0	0	0	0	0	0.3	0	0	0	-9.9	-9	355.6	0	0	0	0	0	0	0	-9.9	6.8	2.7	39	0	0	100	6.8	2.7	39
20	4	2017	6	1	0	6.6	10.9	19.1	27.3	404	0	0	0	0	0	0	0	0	0	0	0	0	12.7	31	31	31	31	31	31	31	31	31	31	31	11.1	0.3	-9	-9	-9	0	-9	0	0	0	-9	0	0	0	100	34.6	0	-9.9	0	-9	0	1.9	0	1.9	0	0	353.7	291.7	0.3	74.7	138	93	86.3	61.7	59.9	45	0	0	0	0	0	0.3	0	0	0	-9.9	-9	353.7	0	0	0	0	0	0	0	-9.9	7.3	1.9	27	0	0	100	7.3	1.9	27
21	4	2017	7	1	0	7.2	11	19.9	28.7	404	0	0	0	0	0	0	0	0	0	0	0	0	11.1	31	31	31	31	31	31	31	31	31	31	31	11.9	0.3	-9	-9	-9	0	-9	0	0	0	-9	0	0	0	100	34.6	0	-9.9	0	-9	0	1.6	0	1.6	0	0	352.1	290.1	0.3	73.1	138	93	86.3	62.3	59.9	45	0	0	0	0	0	0.3	0	0	0	-9.9	-9	352.1	0	0	0	0	0	0	0	-9.9	7.9	1.6	20	0	0	100	7.9	1.6	20
22	4	2017	8	1	0	7.2	11.7	20.1	28.5	404	0	0	0	0	0	0	0	0	0	0	0	0	29	29	29	31	31	31	31	31	31	31	31	31	12.1	0.3	-9	0	0	0	0	0.6	0.6	9	0.01	0.1	0.1	0.1	100	34.6	0.003	-9.9	0	100	0	1.2	0.1	1.3	0	15.1	365.9	303.9	0.3	86.9	138	93	90.3	62.3	62.3	45	0	0	0	0	0	0.3	0	0	0	-9.9	-9	365.9	0	15.1	0	0	0	0	0	-9.9	7.8	1.2	16	0.1	0.1	100	7.9	1.3	17
23	4	2017	9	2	0	7	13.3	21.2	29.1	404	0	0	0	0	0	0	0	0	0	0	0	0	28.9	28.9	28.9	31	31	31	31	31	31	31	31	31	13.2	0.3	-9	0	0	0	0	0.7	0.7	5	0.01	0.1	0.1	0.1	100	34.6	0.008	-9.9	0	100	0	7.5	0.1	7.5	0	7.5	365.8	303.8	0.3	86.8	138	93	89.9	62.1	62.1	45	0	0	0	0	0	0.3	0	0	0	-9.9	-9	365.8	0	7.5	0	0	0	0	0	-9.9	7.6	7.5	98	0.1	0.1	100	7.7	7.5	98
24	4	2017	10	2	0	5.9	14.7	21.8	28.9	404	0	0	0	0	0	0	0	0	0	0	0	0	28.9	28.9	28.9	30.8	31	31	31	31	31	31	31	31	13.8	0.31	-9	0	0	0	0	0.8	0.8	4	0.01	0.1	0.1	0.1	100	34.6	0.012	-9.9	0	100	0	6.4	0.1	6.5	0	6	365.3	303.3	0.31	89.9	143	96.4	91.1	63.1	63.1	46.6	0	0	0	0	0	0.31	0	0	0	-9.9	-9	365.3	0	6	0	0	0	0	0	-9.9	6.4	6.4	100	0.1	0.1	100	6.5	6.5	100
25	4	2017	11	2	0	6.3	14.3	21.3	28.2	404	0	0	0	0	0	0	0	0	0	0	0	0	28.9	28.9	28.9	30.3	31	31	31	31	31	31	31	31	13.3	0.32	1	0	0	0	0	0.9	0.9	5	0.02	0.1	0.1	0.1	100	34.6	0.017	-9.9	0	100	0	6.8	0.1	6.9	0	6.5	365	303	0.32	94.1	149.3	100.6	95.9	66.4	66.4	48.7	0	0	0	0	0	0.32	0	0	0	-9.9	-9	365	0	6.5	0	0	0	0	0	-9.9	6.8	6.8	99	0.1	0.1	100	6.9	6.9	99
26	4	2017	12	2	0	6.5	13.6	20.9	28.3	404	0	0	0	0	0	0	0	0	0	0	0	0	28.9	28.9	28.9	29.8	31	31	31	31	31	31	31	31	12.9	0.34	1	0	0	0	0	1	1	6	0.02	0.1	0.1	0.1	100	34.6	0.023	-9.9	0	100	0	7	0.1	7.1	0	6.6	364.5	302.5	0.34	97.9	155.3	104.6	100.1	69.2	69.2	50.6	0	0	0	0	0	0.34	0	0	0	-9.9	-9	364.5	0	6.6	0	0	0	0	0	-9.9	7	7	99	0.1	0.1	100	7.1	7.1	99
27	4	2017	13	2	0	6.6	13	20.8	28.5	404	0	0	0	0	0	0	0	0	0	0	0	0	28.9	28.9	28.9	29.3	31	31	31	31	31	31	31	31	12.8	0.35	1	0	0	0	0	1.1	1.1	6	0.02	0.1	0.1	0.1	100	34.6	0.03	-9.9	0	100	0	7	0.1	7.2	0	6.7	364.1	302.1	0.35	101.4	160.9	108.5	104	71.9	71.9	52.5	0	0	0	0	0	0.35	0	0	0	-9.9	-9	364.1	0	6.7	0	0	0	0	0	-9.9	7.1	7	99	0.1	0.1	100	7.2	7.2	99
28	4	2017	14	2	0	5.7	14.8	22.3	29.7	404	0	0	0	0	0	0	0	0	0	0	0	0	28.8	28.8	28.8	29	31	31	31	31	31	31	31	31	14.3	0.36	0	0	0	0	0	1.3	1.3	3	0.02	0.1	0.1	0.1	100	34.6	0.037	-9.9	0	100	0	6.1	0.1	6.3	0	5.7	363.6	301.6	0.36	104.9	167.1	112.6	106	73.5	73.5	54.5	0	0	0	0	0	0.36	0	0	0	-9.9	-9	363.6	0	5.7	0	0	0	0	0	-9.9	6.1	6.1	100	0.1	0.1	100	6.3	6.3	100
29	4	2017	15	2	1.9	4	15.6	21.4	27.3	404	0	0	0	0	0	0	0	0	0	0	0	0	28.7	28.7	28.7	28.8	31	31	31	31	31	31	31	31	13.4	0.38	0	0	0	0	0	1.4	1.4	5	0.03	0.1	0.1	0.1	100	34.6	0.045	-9.9	0	100	0	4	0.1	4.1	1.9	1.6	362.9	300.9	0.38	107.9	172.8	116.4	105.8	73.6	73.6	56.3	0	0	0	0	0	0.38	0	0	0	-9.9	-9	362.9	1.9	1.6	0	1.9	0	0	0	-9.9	4.3	4	94	0.1	0.1	100	4.4	4.1	94
30	4	2017	16	2	6.5	3.3	14.1	19.1	24.1	404	0	0	0	0	0	0	0	0	0	0	0	0	31.6	28.7	28.7	28.8	31	31	31	31	31	31	31	31	11.1	0.39	0	0	0	0	0	1.6	1.6	14	0.03	0.1	0.1	0.1	100	34.6	0.054	-9.9	0	100	0	3.5	0.1	3.6	6.5	0	365.8	303.8	0.39	113.7	177.4	119.5	107	74.5	74.5	57.8	0	0	0	0	0	0.39	0	0	0	-9.9	-9	365.8	6.5	0	0	6.5	0	0	0	-9.9	3.5	3.5	100	0.1	0.1	100	3.6	3.6	100
1	5	2017	17	2	3.7	5	12.3	19.6	26.9	404	0	0	0	0	0	0	0	0	0	0	0	0	29.5	29.1	28.7	28.8	31	31	31	31	31	31	31	31	11.6	0.4	0	0	0	0	0	1.8	1.8	11	0.03	0.1	0.1	0.1	100	34.6	0.063	-9.9	0	100	0	5.2	0.1	5.3	3.7	0	364.2	302.2	0.4	115	182.1	122.7	113.9	79	79	59.4	0	0	0	0	0	0.4	0	0	0	-9.9	-9	364.2	3.7	0	0	3.7	0	0	0	-9.9	5.3	5.2	98	0.1	0.1	100	5.5	5.3	98
2	5	2017	18	2	0.3	5.7	12	19.6	27.1	404	0	0	0	0	0	0	0	0	0	0	0	0	28.8	28.8	28.8	28.8	30.9	31	31	31	31	31	31	31	11.6	0.41	0	0	0	0	0	1.9	1.9	11	0.03	0.2	0.2	0.2	100	34.6	0.074	-9.9	0	100	0	4.7	0.2	4.9	0.3	3.6	363.2	301.2	0.41	117.2	186.7	125.8	118.5	82.1	82.1	60.9	0	0	0	0	0	0.41	0	0	0	-9.9	-9	363.2	0.3	3.6	0	0.3	0	0	0	-9.9	6.1	4.7	77	0.2	0.2	100	6.2	4.9	78
3	5	2017	19	2	0	7.6	12.1	21.5	30.9	404	0	0	0	0	0	0	0	0	0	0	0	0	29	29	29	29	30.5	31	31	31	31	31	31	31	13.1	0.42	3	0	0	0	0	2.2	2.2	6	0.04	0.3	0.3	0.3	100	34.6	0.086	-9.9	0	100	0	5.2	0.3	5.5	0	5.7	363.5	301.5	0.42	121.2	191.9	129.3	126.5	87.3	87.3	62.6	0	0	0	0	0	0.42	0	0	0	-9.9	-9	363.5	0	5.7	0	0	0	0	0	-9.9	8.1	5.2	65	0.3	0.3	100	8.3	5.5	66
4	5	2017	20	2	0	7.6	12.8	21.9	30.9	404	0	0	0	0	0	0	0	0	0	0	0	0	29	29	29	29	30.1	31	31	31	31	31	31	31	13.4	0.43	3	0	0	0	0	2.5	2.5	5	0.04	0.3	0.3	0.3	100	34.6	0.101	-9.9	0	99	0	5.3	0.3	5.6	0	5.2	363	301	0.43	124.5	197	132.8	129.9	89.6	89.6	64.3	0	0	0	0	0	0.43	0	0	0	-9.9	-9	363	0	5.2	0	0	0	0	0	-9.9	8	5.3	66	0.3	0.3	100	8.3	5.6	68
5	5	2017	21	2	0	6.2	12	19.9	27.9	404	0	0	0	0	0	0	0	0	0	0	0	0	28.9	28.9	28.9	28.9	29.6	31	31	31	31	31	31	31	11.9	0.44	1	0	0	0	0	2.7	2.7	9	0.05	0.3	0.3	0.3	100	34.6	0.116	-9.9	0	99	0	4.5	0.3	4.8	0	3.9	362.2	300.2	0.44	126.9	201.6	135.9	129.2	89.4	89.4	65.7	0	0	0	0	0	0.44	0	0	0	-9.9	-9	362.2	0	3.9	0	0	0	0	0	-9.9	6.5	4.5	70	0.3	0.3	100	6.8	4.8	71
6	5	2017	22	2	0.1	5.7	12.8	19.9	27	404	0	0	0	0	0	0	0	0	0	0	0	0	28.8	28.8	28.8	28.8	29.3	31	31	31	31	31	31	31	11.9	0.45	0	0	0	0	0	3	3	10	0.05	0.3	0.3	0.3	100	34.6	0.133	-9.9	0	99	0	4.6	0.3	4.9	0.1	4.2	361.6	299.6	0.45	129.4	206.1	138.9	130.7	90.6	90.6	67.2	0	0	0	0	0	0.45	0	0	0	-9.9	-9	361.6	0.1	4.2	0	0.1	0	0	0	-9.9	5.9	4.6	77	0.3	0.3	100	6.2	4.9	78
7	5	2017	23	2	1.7	3.7	13.7	19.3	24.8	404	0	0	0	0	0	0	0	0	0	0	0	0	28.7	28.7	28.7	28.7	28.9	31	31	31	31	31	31	31	11.3	0.46	0	0	0	0	0	3.4	3.4	13	0.06	0.2	0.2	0.2	100	34.6	0.15	-9.9	0	99	0	3.6	0.2	3.8	1.7	1.2	360.7	298.7	0.46	131.3	210.3	141.7	127.9	89	89	68.6	0	0	0	0	0	0.46	0	0	0	-9.9	-9	360.7	1.7	1.2	0	1.7	0	0	0	-9.9	3.8	3.6	94	0.2	0.2	100	4	3.8	95
8	5	2017	24	2	2.4	4.3	14.4	20.6	26.9	404	0	0	0	0	0	0	0	0	0	0	0	0	28.7	28.7	28.7	28.7	28.8	31	31	31	31	31	31	31	12.6	0.47	0	0	0	0	0	3.8	3.8	7	0.07	0.3	0.3	0.3	100	34.6	0.172	-9.9	0	99	0	4.2	0.3	4.5	2.4	2.1	360.8	298.8	0.47	134.3	214.9	144.8	132.4	92.1	92.1	70.1	0	0	0	0	0	0.47	0	0	0	-9.9	-9	360.8	2.4	2.1	0	2.4	0	0	0	-9.9	4.4	4.2	95	0.3	0.3	100	4.7	4.5	95
9	5	2017	25	2	4.1	3.7	14.7	20.7	26.7	404	0	0	0	0	0	0	0	0	0	0	0	0	28.8	28.7	28.7	28.7	28.8	31	31	31	31	31	31	31	12.7	0.48	0	0	0	0	0	4.2	4.2	7	0.07	0.3	0.3	0.3	100	34.6	0.196	-9.9	0	99	0	3.8	0.3	4	4.1	0	360.8	298.8	0.48	137.3	219.6	148	133.5	93	93	71.6	0	0	0	0	0	0.48	0	0	0	-9.9	-9	360.8	4.1	0	0	4.1	0	0	0	-9.9	3.8	3.8	100	0.3	0.3	100	4	4	100
10	5	2017	26	2	3.2	2.4	15.5	19.4	23.2	404	0	0	0	0	0	0	0	0	0	0	0	0	29.4	28.7	28.7	28.7	28.8	31	31	31	31	31	31	31	11.4	0.49	0	0	0	0	0	4.7	4.7	12	0.08	0.2	0.2	0.2	100	34.6	0.22	-9.9	0	99	0	2.4	0.2	2.6	3.2	0	361.4	299.4	0.49	140.4	223.6	150.7	132.2	92.4	92.4	72.9	0	0	0	0	0	0.49	0	0	0	-9.9	-9	361.4	3.2	0	0	3.2	0	0	0	-9.9	2.4	2.4	100	0.2	0.2	100	2.6	2.6	100
11	5	2017	27	2	2.9	3.6	16	20.5	25	404	0	0	0	0	0	0	0	0	0	0	0	0	28.7	28.7	28.7	28.7	28.7	31	31	31	31	31	31	31	12.5	0.5	0	0	0	0	0	5.3	5.3	7	0.09	0.3	0.3	0.3	100	34.6	0.25	-9.9	0	99	0	3.6	0.3	3.9	2.9	0	360.4	298.4	0.5	142.3	228.1	153.7	138.4	96.4	96.4	74.4	0	0	0	0	0	0.5	0	0	0	-9.9	-9	360.4	2.9	0	0	2.9	0	0	0	-9.9	3.6	3.6	99	0.3	0.3	100	3.9	3.9	99
12	5	2017	28	2	10.7	3.8	14.3	20.1	26	404	0	0	0	0	0	0	0	0	0	0	0	0	35.3	28.7	28.7	28.7	28.7	31	31	31	31	31	31	31	12.1	0.51	0	0	0	0	0	5.9	5.9	9	0.1	0.4	0.4	0.4	100	34.6	0.282	-9.9	0	99	0	3.8	0.4	4.1	10.7	0	367	305	0.51	151.6	232.4	156.6	141.6	98.6	98.6	75.8	0	0	0	0	0	0.51	0	0	0	-9.9	-9	367	10.7	0	0	10.7	0	0	0	-9.9	3.8	3.8	100	0.4	0.4	100	4.1	4.1	100
13	5	2017	29	2	5.4	3.3	14.7	19.6	24.6	404	0	0	0	0	0	0	0	0	0	0	0	0	34	31.2	29.2	28.7	28.7	31	31	31	31	31	31	31	11.6	0.51	0	0	0	0	0	6.5	6.5	11	0.11	0.3	0.3	0.3	100	34.6	0.316	-9.9	0	99	0	3.2	0.3	3.6	5.4	0	368.9	306.9	0.51	156.2	236.4	159.3	142.6	99.4	99.4	77.1	0	0	0	0	0	0.51	0	0	0	-9.9	-9	368.9	5.4	0	0	5.4	0	0	0	-9.9	3.2	3.2	100	0.3	0.3	100	3.6	3.6	100
14	5	2017	30	2	5.6	2.6	14.8	18.9	23	404	0	0	0	0	0	0	0	0	0	0	0	0	34.7	31.7	30.9	28.7	28.7	31	31	31	31	31	31	31	10.9	0.52	0	0	0	0	0	7.2	7.2	15	0.12	0.3	0.3	0.3	100	34.6	0.352	-9.9	0	99	0	2.5	0.3	2.8	5.6	0	371.7	309.7	0.52	161.6	240.2	161.9	142.6	99.6	99.6	78.3	0	0	0	0	0	0.52	0	0	0	-9.9	-9	371.7	5.6	0	0	5.6	0	0	0	-9.9	2.5	2.5	100	0.3	0.3	100	2.8	2.8	100
15	5	2017	31	2	8.3	1.9	13.7	18.4	23	404	0	0	0	0	0	0	0	0	0	0	0	0	38.3	31.9	31.5	30.5	28.7	31	31	31	31	31	31	31	10.4	0.53	0	0	0	0	0	7.9	7.9	19	0.13	0.2	0.2	0.2	100	34.6	0.39	-9.9	0	99	0	1.8	0.2	2	8.3	0	377.9	315.9	0.53	170.2	243.8	164.3	142.5	99.7	99.7	79.5	0	0	0	0	0	0.53	0	0	0	-9.9	-9	377.9	8.3	0	0	8.3	0	0	0	-9.9	1.8	1.8	100	0.2	0.2	100	2	2	100
16	5	2017	32	2	11	1.8	13.7	18	22.4	404	0	0	0	0	0	0	0	0	0	0	0	0	42.1	32.7	31.9	31.6	31.2	31	31	31	31	31	31	31	10	0.54	0	0	0	0	0	8.6	8.6	22	0.15	0.2	0.2	0.2	100	34.6	0.43	-9.9	0	99	0	1.7	0.2	1.9	11	0	386.7	324.6	0.54	181.1	247.2	166.6	144.2	100.9	100.9	80.6	0	0	0	0	0	0.54	0	0	0	-9.9	-9	386.7	11	0	0	11	0	0.4	0	-9.9	1.7	1.7	100	0.2	0.2	100	1.9	1.9	100
17	5	2017	33	2	0.7	1.4	14.1	17.6	21.1	404	0	0	0	0	0	0	0	0	0	0	0	0	32.4	33.6	32.4	32	31.9	31.6	31.5	31.4	31.3	31.2	31.2	31.2	9.6	0.54	0	0	0	0	0	9.4	9.4	26	0.16	0.2	0.2	0.2	100	34.6	0.471	-9.9	0	99	0	1.3	0.2	1.5	0.7	0	381.5	319.1	0.54	176.3	250.5	168.8	144.8	101.4	101.4	81.7	0	0	0	0	0	0.54	0	0	0	-9.9	-9	381.5	0.7	0	0	0.7	0	4.4	0	-9.9	1.3	1.3	99	0.2	0.2	100	1.5	1.5	99
18	5	2017	34	2	2.3	3.9	14	19.4	24.7	404	0	0	0	0	0	0	0	0	0	0	0	0	29.6	31.7	31.6	31.5	31.4	31.4	31.3	31.3	31.3	31.2	31.2	31.2	11.4	0.55	0	0	0	0	0	10.4	10.4	12	0.18	0.6	0.6	0.6	100	34.6	0.524	-9.9	0	99	0	3.5	0.6	4.1	2.3	0	374.7	312.3	0.55	172.4	254.3	171.4	155.3	108.1	108.1	82.9	0	0	0	0	0	0.55	0	0	0	-9.9	-9	374.7	2.3	0	0	2.3	0	5	0	-9.9	3.6	3.5	98	0.6	0.6	100	4.2	4.1	98
19	5	2017	35	2	0.1	6	12.1	19.8	27.4	404	0	0	0	0	0	0	0	0	0	0	0	0	24.5	31.2	31.2	31.1	31.1	31.1	31.1	31.1	31.1	31.1	31.1	31.1	11.8	0.56	0	0	0	0	0	11.6	11.6	10	0.19	1	1	1	100	34.6	0.584	-9.9	0	99	0	4.2	1	5.2	0.1	0	367	304.8	0.56	168.3	258.2	174	164.8	114.1	114.1	84.2	0	0	0	0	0	0.56	0	0	0	-9.9	-9	367	0.1	0	0	0.1	0	2.7	0	-9.9	5.4	4.2	78	1	1	100	6.4	5.2	81
20	5	2017	36	2	0.1	6.4	13.2	21.3	29.4	404	0	0	0	0	0	0	0	0	0	0	0	0	19.1	31.1	31	31	31	31	31	31	31	31	31	31	13.3	0.57	0	0	0	0	0	13.1	13.1	5	0.22	1.3	1.3	1.3	100	34.6	0.656	-9.9	0	99	0	4.2	1.3	5.5	0.1	0	360.5	298.5	0.57	165.3	262.6	177	169	116.9	116.9	85.6	0	0	0	0	0	0.57	0	0	0	-9.9	-9	360.5	0.1	0	0	0.1	0	1	0	-9.9	5.6	4.2	75	1.3	1.3	100	6.9	5.5	80
21	5	2017	37	2	2.4	4.4	14.5	21.1	27.7	404	0	0	0	0	0	0	0	0	0	0	0	0	28.7	28.7	28.7	28.7	28.7	29.2	31	31	31	31	31	31	13.1	0.58	0	0	0	0	0	14.7	14.7	5	0.24	1	1	1	100	34.6	0.735	-9.9	0	99	0	3.2	1	4.2	2.4	0.6	359	297	0.58	167.2	266.9	179.9	164.8	114.5	114.5	87	0	0	0	0	0	0.58	0	0	0	-9.9	-9	359	2.4	0.6	0	2.4	0	0.3	0	-9.9	3.7	3.2	86	1	1	100	4.7	4.2	89
22	5	2017	38	2	2.9	3.3	14.1	19.7	25.3	404	0	0	0	0	0	0	0	0	0	0	0	0	28.2	28.7	28.7	28.7	28.7	29.2	31	31	31	31	31	31	11.7	0.59	0	0	0	0	0	16.4	16.4	11	0.27	0.8	0.8	0.8	100	34.6	0.817	-9.9	0	99	0	2.7	0.8	3.5	2.9	0	358.4	296.4	0.59	169	270.8	182.5	163.3	113.8	113.8	88.3	0	0	0	0	0	0.59	0	0	0	-9.9	-9	358.4	2.9	0	0	2.9	0	0	0	-9.9	2.7	2.7	100	0.8	0.8	100	3.5	3.5	100
23	5	2017	39	2	1.1	3.7	14.2	19.9	25.7	404	0	0	0	0	0	0	0	0	0	0	0	0	28.7	28.7	28.7	28.7	28.7	28.7	31	31	31	31	31	31	11.9	0.6	0	0	0	0	0	18.2	18.2	9	0.29	1	1	1	100	34.6	0.909	-9.9	0	99	0	2.7	1	3.7	1.1	2.5	358.2	296.2	0.6	171.3	274.7	185.1	167	116.3	116.3	89.6	0	0	0	0	0	0.6	0	0	0	-9.9	-9	358.2	1.1	2.5	0	1.1	0	0	0	-9.9	2.9	2.7	94	1	1	100	3.9	3.7	95
24	5	2017	40	2	2.3	5.5	12.6	20.3	27.9	404	0	0	0	0	0	0	0	0	0	0	0	0	28.8	28.8	28.8	28.8	28.8	28.8	30.9	31	31	31	31	31	12.3	0.61	0	0	0	0	0	20.4	20.4	8	0.32	1.6	1.6	1.6	100	34.6	1.012	-9.9	0	99	0	4	1.6	5.6	2.3	4	358.9	296.9	0.61	174.7	278.6	187.8	176	122	122	90.8	0	0	0	0	0	0.61	0	0	0	-9.9	-9	358.9	2.3	4	0	2.3	0	0	0	-9.9	4.2	4	95	1.6	1.6	100	5.8	5.6	96
25	5	2017	41	2	0	7.9	11.2	20.9	30.7	404	0	0	0	0	0	0	0	0	0	0	0	0	29	29	29	29	29	29	30.6	31	31	31	31	31	12.6	0.61	4	0	0	0	0	22.7	22.7	7	0.36	2.6	2.6	2.6	100	34.6	1.127	-9.9	0	99	0	4.4	2.6	7	0	7.8	359.6	297.6	0.61	178.5	282.6	190.5	187.4	129.2	129.2	92.2	0	0	0	0	0	0.61	0	0	0	-9.9	-9	359.6	0	7.8	0	0	0	0	0	-9.9	5.7	4.4	76	2.6	2.6	100	8.3	7	84
26	5	2017	42	2	0	7.2	11.6	20.9	30.2	404	0	0	0	0	0	0	0	0	0	0	0	0	29	29	29	29	29	29	30.2	31	31	31	31	31	12.8	0.62	2	0	0	0	0	25.5	25.5	6	0.39	2.7	2.7	2.7	100	34.6	1.255	-9.9	0	99	0	4	2.7	6.6	0	5.9	359	297	0.62	180.8	286.7	193.2	187.5	129.5	129.5	93.5	0	0	0	0	0	0.62	0	0	0	-9.9	-9	359	0	5.9	0	0	0	0	0	-9.9	4.9	4	81	2.7	2.7	100	7.6	6.6	88
27	5	2017	43	2	0.4	5	13.5	20.4	27.2	404	0	0	0	0	0	0	0	0	0	0	0	0	28.8	28.8	28.8	28.8	28.8	28.8	29.8	31	31	31	31	31	12.4	0.63	0	0	0	0	0	28.5	28.5	8	0.43	2	2	2	100	34.6	1.392	-9.9	0	99	0	2.8	2	4.8	0.4	3	357.5	295.5	0.63	182.2	290.6	195.9	181.7	126.1	126.1	94.8	0	0	0	0	0	0.63	0	0	0	-9.9	-9	357.5	0.4	3	0	0.4	0	0	0	-9.9	3.2	2.8	87	2	2	100	5.2	4.8	92
28	5	2017	44	2	1.3	3.7	13.1	19.3	25.5	404	0	0	0	0	0	0	0	0	0	0	0	0	28.7	28.7	28.7	28.7	28.7	28.7	29.3	31	31	31	31	31	11.3	0.64	0	0	0	0	0	31.5	31.5	13	0.47	1.5	1.5	1.5	100	34.6	1.535	-9.9	0	99	0	2.2	1.5	3.7	1.3	1.4	356.5	294.5	0.64	183.8	294.2	198.2	178.9	124.6	124.6	95.9	0	0	0	0	0	0.64	0	0	0	-9.9	-9	356.5	1.3	1.4	0	1.3	0	0	0	-9.9	2.2	2.2	98	1.5	1.5	100	3.7	3.7	99
29	5	2017	45	2	3	4.1	12.3	18.6	25	404	0	0	0	0	0	0	0	0	0	0	0	0	28.7	28.7	28.7	28.7	28.7	28.7	29.1	31	31	31	31	31	10.6	0.65	0	0	0	0	0	34.7	34.7	17	0.51	1.7	1.7	1.7	100	34.6	1.681	-9.9	0	99	0	2.3	1.7	4	3	0.9	356.4	294.4	0.65	185.9	297.5	200.5	182.5	126.9	126.9	97	0	0	0	0	0	0.65	0	0	0	-9.9	-9	356.4	3	0.9	0	3	0	0	0	-9.9	2.3	2.3	100	1.7	1.7	100	4	4	100
30	5	2017	46	2	0.8	5.4	12.2	19.6	27	404	0	0	0	0	0	0	0	0	0	0	0	0	28.8	28.8	28.8	28.8	28.8	28.8	28.9	31	31	31	31	31	11.6	0.65	0	0	0	0	0	38.5	38.5	11	0.55	2.7	2.7	2.7	100	34.6	1.851	-9.9	0	99	0	2.6	2.7	5.2	0.8	4.9	356.9	294.9	0.65	188.7	301.1	202.9	189.8	131.6	131.6	98.2	0	0	0	0	0	0.65	0	0	0	-9.9	-9	356.9	0.8	4.9	0	0.8	0	0	0	-9.9	2.8	2.6	92	2.7	2.7	100	5.4	5.2	96
31	5	2017	47	2	2.8	4.4	13.3	19.4	25.5	404	0	0	0	0	0	0	0	0	0	0	0	0	28.7	28.7	28.7	28.7	28.7	28.7	28.8	31	31	31	31	31	11.4	0.66	0	0	0	0	0	42	42	12	0.59	2.3	2.3	2.3	100	34.6	2.031	-9.9	0	99	0	2.1	2.3	4.4	2.8	1	356.3	294.3	0.66	190.4	304.6	205.3	188.1	130.7	130.7	99.3	0	0	0	0	0	0.66	0	0	0	-9.9	-9	356.3	2.8	1	0	2.8	0	0	0	-9.9	2.1	2.1	100	2.3	2.3	100	4.4	4.4	100
1	6	2017	48	2	4.5	4.3	13.1	18.9	24.7	404	0	0	0	0	0	0	0	0	0	0	0	0	29.9	28	28.7	28.7	28.7	28.7	28.8	31	31	31	31	31	10.9	0.67	0	0	0	0	0	45.1	45.1	15	0.62	2.3	2.3	2.3	100	34.6	2.214	-9.9	0	99	0	1.9	2.3	4.2	4.5	0	356.6	294.6	0.67	192.9	308	207.6	189.7	131.9	131.9	100.4	0	0	0	0	0	0.67	0	0	0	-9.9	-9	356.6	4.5	0	0	4.5	0	0	0	-9.9	1.9	1.9	100	2.3	2.3	100	4.2	4.2	100
2	6	2017	49	2	1.6	3.5	12.3	18.2	24.1	404	0	0	0	0	0	0	0	0	0	0	0	0	28.7	28.7	28.7	28.7	28.7	28.7	28.7	31	31	31	31	31	10.2	0.68	0	0	0	0	0	47.7	47.7	20	0.65	1.8	1.8	1.8	100	34.6	2.393	-9.9	0	99	0	1.4	1.8	3.3	1.6	0.8	355.8	293.8	0.68	194	311.1	209.7	188.4	131.2	131.2	101.5	0	0	0	0	0	0.68	0	0	0	-9.9	-9	355.8	1.6	0.8	0	1.6	0	0	0	-9.9	1.4	1.4	100	1.8	1.8	100	3.3	3.3	100
3	6	2017	50	2	1	3.9	13.4	19.2	25	404	0	0	0	0	0	0	0	0	0	0	0	0	28.7	28.7	28.7	28.7	28.7	28.7	28.7	31	31	31	31	31	11.2	0.68	0	0	0	0	0	50.3	50.3	13	0.68	2.3	2.3	2.3	100	34.6	2.595	-9.9	0	99	0	1.5	2.3	3.8	1	2.9	356	294	0.68	196.3	314.6	212	192.1	133.7	133.7	102.6	0	0	0	0	0	0.68	0	0	0	-9.9	-9	356	1	2.9	0	1	0	0	0	-9.9	1.5	1.5	98	2.3	2.3	100	3.8	3.8	99
4	6	2017	51	2	2.6	4.1	14.8	20.3	25.8	404	0	0	0	0	0	0	0	0	0	0	0	0	28.7	28.7	28.7	28.7	28.7	28.7	28.7	31	31	31	31	31	12.3	0.69	0	0	0	0	0	52.8	52.8	8	0.7	2.6	2.6	2.6	100	34.6	2.818	-9.9	0	99	0	1.5	2.6	4.1	2.6	1.6	356.1	294.1	0.69	198.8	318.3	214.5	195.2	135.8	135.8	103.8	0	0	0	0	0	0.69	0	0	0	-9.9	-9	356.1	2.6	1.6	0	2.6	0	0	0	-9.9	1.5	1.5	100	2.6	2.6	100	4.1	4.1	100
5	6	2017	52	2	3.2	3.9	14.6	20.5	26.4	404	0	0	0	0	0	0	0	0	0	0	0	0	28.7	28.7	28.7	28.7	28.7	28.7	28.7	31	31	31	31	31	12.5	0.7	0	0	0	0	0	55.1	55.1	7	0.72	2.6	2.6	2.6	100	34.6	3.05	-9.9	0	99	0	1.3	2.6	3.9	3.2	0.6	356	294	0.7	201	322.1	217	196.7	136.9	136.9	105	0	0	0	0	0	0.7	0	0	0	-9.9	-9	356	3.2	0.6	0	3.2	0	0	0	-9.9	1.3	1.3	100	2.6	2.6	100	3.9	3.9	100
6	6	2017	53	2	4.1	3.6	14.9	20.1	25.3	404	0	0	0	0	0	0	0	0	0	0	0	0	30.2	27.8	28.7	28.7	28.7	28.7	28.7	31	31	31	31	31	12.1	0.71	0	0	0	0	0	57.1	57.1	9	0.74	2.4	2.4	2.4	100	34.6	3.284	-9.9	0	99	0	1.1	2.4	3.6	4.1	0	356.5	294.5	0.71	204	325.7	219.5	197.7	137.7	137.7	106.2	0	0	0	0	0	0.71	0	0	0	-9.9	-9	356.5	4.1	0	0	4.1	0	0	0	-9.9	1.1	1.1	100	2.4	2.4	100	3.6	3.6	100
7	6	2017	54	2	3.5	4.2	15	21	27	404	0	0	0	0	0	0	0	0	0	0	0	0	28.7	28.7	28.7	28.7	28.7	28.7	28.7	30.6	31	31	31	31	13	0.72	0	0	0	0	0	59.1	59.1	6	0.76	3	3	3	100	34.6	3.531	-9.9	0	99	0	1.3	3	4.3	3.5	0	355.8	293.8	0.72	206.2	329.6	222.1	202.6	140.9	140.9	107.5	0	0	0	0	0	0.72	0	0	0	-9.9	-9	355.8	3.5	0	0	3.5	0	0	0	-9.9	1.3	1.3	100	3	3	100	4.3	4.3	100
8	6	2017	55	2	1.5	5.5	15	21.9	28.8	404	0	0	0	0	0	0	0	0	0	0	0	0	28.8	28.8	28.8	28.8	28.8	28.8	28.8	30.2	31	31	31	31	13.9	0.73	0	0	0	0	0	60.9	60.9	4	0.77	4.1	4.1	4.1	100	34.6	3.789	-9.9	0	99	0	1.5	4.1	5.6	1.5	4.4	356	294	0.73	209.5	333.7	224.9	210.8	146.2	146.2	108.8	0	0	0	0	0	0.73	0	0	0	-9.9	-9	356	1.5	4.4	0	1.5	0	0	0	-9.9	1.5	1.5	100	4.1	4.1	100	5.6	5.6	100
9	6	2017	56	2	0.8	5.1	15.7	22	28.4	404	0	0	0	0	0	0	0	0	0	0	0	0	28.8	28.8	28.8	28.8	28.8	28.8	28.8	29.7	31	31	31	31	14	0.73	0	0	0	0	0	62.5	62.5	3	0.79	3.9	3.9	3.9	100	34.6	4.052	-9.9	0	99	0	1.3	3.9	5.2	0.8	3.7	355.3	293.3	0.73	211.9	337.9	227.7	211.7	146.9	146.9	110.2	0	0	0	0	0	0.73	0	0	0	-9.9	-9	355.3	0.8	3.7	0	0.8	0	0	0	-9.9	1.4	1.3	99	3.9	3.9	100	5.2	5.2	100
10	6	2017	57	2	0.6	4.8	16.2	22.6	29	404	0	0	0	0	0	0	0	0	0	0	0	0	28.8	28.8	28.8	28.8	28.8	28.8	28.8	29.3	31	31	31	31	14.6	0.74	0	0	0	0	0	64	64	3	0.8	3.7	3.7	3.7	100	34.6	4.322	-9.9	0	99	0	1.2	3.7	4.9	0.6	3.8	354.7	292.7	0.74	214.3	342.2	230.6	213.1	147.9	147.9	111.6	0	0	0	0	0	0.74	0	0	0	-9.9	-9	354.7	0.6	3.8	0	0.6	0	0	0	-9.9	1.2	1.2	98	3.7	3.7	100	5	4.9	100
11	6	2017	58	2	0.7	5.3	15	22.3	29.6	404	0	0	0	0	0	0	0	0	0	0	0	0	28.8	28.8	28.8	28.8	28.8	28.8	28.8	29	31	31	31	31	14.3	0.75	0	0	0	0	0	65.3	65.3	3	0.81	4.2	4.2	4.2	100	34.6	4.595	-9.9	0	99	0	1.3	4.2	5.4	0.7	4.7	354.7	292.7	0.75	217.1	346.4	233.4	217.9	151.1	151.1	113	0	0	0	0	0	0.75	0	0	0	-9.9	-9	354.7	0.7	4.7	0	0.7	0	0	0	-9.9	1.3	1.3	98	4.2	4.2	100	5.5	5.4	100
12	6	2017	59	2	0.5	6.2	16.2	23.5	30.9	404	0	0	0	0	0	0	0	0	0	0	0	0	28.9	28.9	28.9	28.9	28.9	28.9	28.9	28.9	31	31	31	31	15.1	0.76	0	0	0	0	0	66.4	66.4	0	0.82	5.1	5.1	5.1	100	34.6	4.879	-9.9	0	99	0	1.4	5.1	6.5	0.5	6.3	355.1	293.1	0.76	220.3	350.8	236.4	224.8	155.6	155.6	114.4	0	0	0	0	0	0.76	0	0	0	-9.9	-9	355.1	0.5	6.3	0	0.5	0	0	0	-9.9	1.4	1.4	97	5.1	5.1	100	6.5	6.5	99
13	6	2017	60	2	1.4	5.7	16.7	23.4	30.2	404	0	0	0	0	0	0	0	0	0	0	0	0	28.8	28.8	28.8	28.8	28.8	28.8	28.8	28.9	31	31	31	31	15.4	0.77	0	0	0	0	0	67.5	67.5	0	0.83	4.7	4.7	4.7	100	34.6	5.166	-9.9	0	99	0	1.3	4.7	6	1.4	4.3	354.8	292.8	0.77	222.8	355.2	239.4	225.4	156.1	156.1	115.8	0	0	0	0	0	0.77	0	0	0	-9.9	-9	354.8	1.4	4.3	0	1.4	0	0	0	-9.9	1.3	1.3	100	4.7	4.7	100	6	6	100
14	6	2017	61	2	1.7	5.3	17.2	24.2	31.2	404	0	0	0	0	0	0	0	0	0	0	0	0	28.8	28.8	28.8	28.8	28.8	28.8	28.8	28.8	31	31	31	31	15.6	0.78	0	0	0	0	0	68.4	68.4	0	0.84	4.4	4.4	4.4	100	34.6	5.455	-9.9	0	99	0	1.1	4.4	5.6	1.7	3.6	354.5	292.5	0.78	225.4	359.7	242.4	226.3	157	157	117.3	0	0	0	0	0	0.78	0	0	0	-9.9	-9	354.5	1.7	3.6	0	1.7	0	0	0	-9.9	1.1	1.1	100	4.4	4.4	100	5.6	5.6	100
15	6	2017	62	2	2.7	3.7	16.9	22.9	29	404	0	0	0	0	0	0	0	0	0	0	0	0	28.7	28.7	28.7	28.7	28.7	28.7	28.7	28.7	31	31	31	31	14.9	0.79	0	0	0	0	0	69.2	69.2	2	0.84	3.1	3.1	3.1	100	34.6	5.741	-9.9	0	99	0	0.8	3.1	3.8	2.7	0.2	353.6	291.6	0.79	227.1	364	245.3	221.4	154.2	154.2	118.7	0	0	0	0	0	0.79	0	0	0	-9.9	-9	353.6	2.7	0.2	0	2.7	0	0	0	-9.9	0.8	0.8	100	3.1	3.1	100	3.8	3.8	100
16	6	2017	63	2	4.5	3.2	16.1	21.6	27	404	0	0	0	0	0	0	0	0	0	0	0	0	31	27.6	28.7	28.7	28.7	28.7	28.7	28.7	31	31	31	31	13.6	0.8	0	0	0	0	0	69.8	69.8	4	0.85	2.6	2.6	2.6	100	34.6	6.021	-9.9	0	99	0	0.7	2.6	3.2	4.5	0	354.8	292.8	0.8	230.8	367.9	247.9	221.3	154.3	154.3	120	0	0	0	0	0	0.8	0	0	0	-9.9	-9	354.8	4.5	0	0	4.5	0	0	0	-9.9	0.7	0.7	100	2.6	2.6	100	3.2	3.2	100
17	6	2017	64	2	4	3.8	15.7	21.9	28	404	0	0	0	0	0	0	0	0	0	0	0	0	32.8	26.1	28.6	28.7	28.7	28.7	28.7	28.7	31	31	31	31	13.9	0.81	0	0	0	0	0	70.3	70.3	4	0.85	3.1	3.1	3.1	100	34.6	6.305	-9.9	0	99	0	0.8	3.1	3.9	4	0	355	293	0.81	233.6	371.9	250.6	226.6	157.8	157.8	121.3	0	0	0	0	0	0.81	0	0	0	-9.9	-9	355	4	0	0	4	0	0	0	-9.9	0.8	0.8	100	3.1	3.1	100	3.9	3.9	100
18	6	2017	65	2	0.7	4.9	16.3	22.6	29	404	0	0	0	0	0	0	0	0	0	0	0	0	28.8	28.8	28.8	28.8	28.8	28.8	28.8	28.8	30.6	31	31	31	14.6	0.82	0	0	0	0	0	70.8	70.8	2	0.86	4.1	4.1	4.1	100	34.6	6.594	-9.9	0	99	0	0.9	4.1	5	0.7	3.3	353.9	291.9	0.82	235.6	376	253.4	234.6	162.9	162.9	122.6	0	0	0	0	0	0.82	0	0	0	-9.9	-9	353.9	0.7	3.3	0	0.7	0	0	0	-9.9	1	0.9	100	4.1	4.1	100	5	5	100
19	6	2017	66	2	13	3.7	15.8	21.8	27.8	404	0	0	0	0	0	0	0	0	0	0	0	0	39.6	27.3	28.7	28.8	28.8	28.8	28.8	28.8	30.6	31	31	31	13.8	0.83	0	0	0	0	0	71.3	71.3	4	0.86	3.1	3.1	3.1	100	34.6	6.88	-9.9	0	99	0	0.7	3.1	3.8	13	0	363.1	301.1	0.83	247.4	379.9	256	231	160.9	160.9	123.9	0	0	0	0	0	0.83	0	0	0	-9.9	-9	363.1	13	0	0	13	0	0	0	-9.9	0.7	0.7	100	3.1	3.1	100	3.8	3.8	100
20	6	2017	67	2	5.5	3.4	15.6	20.9	26.3	404	0	0	0	0	0	0	0	0	0	0	0	0	36.4	30.5	30.8	28.8	28.8	28.8	28.8	28.8	30.6	31	31	31	12.9	0.83	0	0	0	0	0	71.6	71.6	6	0.86	2.8	2.8	2.8	100	34.6	7.161	-9.9	0	99	0	0.6	2.8	3.4	5.5	0	365.2	303.2	0.83	252	383.5	258.5	231.8	161.5	161.5	125.1	0	0	0	0	0	0.83	0	0	0	-9.9	-9	365.2	5.5	0	0	5.5	0	0	0	-9.9	0.6	0.6	100	2.8	2.8	100	3.4	3.4	100
21	6	2017	68	2	8.9	2.4	16	19.9	23.8	404	0	0	0	0	0	0	0	0	0	0	0	0	39.4	31.6	31.5	30.5	28.8	28.8	28.8	28.8	30.6	31	31	31	11.9	0.84	0	0	0	0	0	71.9	71.9	10	0.86	1.9	1.9	1.9	100	34.6	7.431	-9.9	0	99	0	0.4	1.9	2.3	8.9	0	371.8	309.8	0.84	260.7	386.9	260.7	228.7	159.8	159.8	126.2	0	0	0	0	0	0.84	0	0	0	-9.9	-9	371.8	8.9	0	0	8.9	0	0	0	-9.9	0.4	0.4	100	1.9	1.9	100	2.3	2.3	100
22	6	2017	69	2	1.3	5.4	15.3	22.1	28.8	404	0	0	0	0	0	0	0	0	0	0	0	0	30.7	31.3	31.3	31.6	31.6	29.8	28.8	28.8	30.6	31	31	31	14.1	0.85	0	0	0	0	0	72.2	72.2	3	0.87	4.5	4.5	4.5	100	34.6	7.721	-9.9	0	99	0	1	4.5	5.5	1.3	0	367.6	305.6	0.85	259.1	390.8	263.4	246.4	170.8	170.8	127.4	0	0	0	0	0	0.85	0	0	0	-9.9	-9	367.6	1.3	0	0	1.3	0	0	0	-9.9	1	1	100	4.5	4.5	100	5.5	5.5	100
23	6	2017	70	2	1.2	4.9	17.4	22.9	28.4	404	0	0	0	0	0	0	0	0	0	0	0	0	29.6	29.6	29.9	31.2	31.2	31	28.9	28.8	30.6	31	31	31	14.9	0.86	0	0	0	0	0	72.5	72.5	2	0.87	4.2	4.2	4.2	100	34.6	8.015	-9.9	0	99	0	0.9	4.2	5.1	1.2	0	363.7	301.7	0.86	258	394.9	266.1	246.4	171	171	128.8	0	0	0	0	0	0.86	0	0	0	-9.9	-9	363.7	1.2	0	0	1.2	0	0	0	-9.9	0.9	0.9	100	4.2	4.2	100	5.1	5.1	100
24	6	2017	71	2	2	4.2	17.3	23.1	28.9	404	0	0	0	0	0	0	0	0	0	0	0	0	29.3	28.1	29.3	31.1	31.1	31	29.1	28.8	30.6	31	31	31	15.1	0.87	0	0	0	0	0	72.7	72.7	0	0.87	3.7	3.7	3.7	100	34.6	8.317	-9.9	0	99	0	0.8	3.7	4.4	2	0	361.3	299.3	0.87	258.4	399.1	269	245.3	170.6	170.6	130.1	0	0	0	0	0	0.87	0	0	0	-9.9	-9	361.3	2	0	0	2	0	0	0	-9.9	0.8	0.8	100	3.7	3.7	100	4.4	4.4	100
25	6	2017	72	2	13.4	2.4	16.1	20.6	25	404	0	0	0	0	0	0	0	0	0	0	0	0	40.8	27.7	29.3	31	31	31	29.2	28.8	30.6	31	31	31	12.6	0.88	0	0	0	0	0	72.9	72.9	7	0.87	1.9	1.9	1.9	100	34.6	8.597	-9.9	0	99	0	0.4	1.9	2.4	13.4	0	372.4	310.4	0.88	271.7	402.6	271.3	238	166.2	166.2	131.3	0	0	0	0	0	0.88	0	0	0	-9.9	-9	372.4	13.4	0	0	13.4	0	0	0	-9.9	0.4	0.4	100	1.9	1.9	100	2.4	2.4	100
26	6	2017	73	2	26.3	1.8	15.9	19.9	23.9	404	0	0	0	0	0	0	0	0	0	0	0	0	44.9	45.3	31.3	31.1	31.1	31.1	29.8	28.8	30.6	31	31	31	11.9	0.88	0	0	0	0	0	73	73	10	0.87	1.4	1.4	1.4	100	34.6	8.87	-9.9	0	99	0	0.3	1.4	1.7	26.3	0	396.9	334.9	0.88	298.5	405.8	273.5	236.7	165.6	165.6	132.3	0	0	0	0	0	0.88	0	0	0	-9.9	-9	396.9	26.3	0	0	26.3	0	0	0	-9.9	0.3	0.3	100	1.4	1.4	100	1.7	1.7	100
27	6	2017	74	3	45.7	2.2	15.4	20.7	26	404	0	0	0	0	0	0	0	0	0	0	0	0	45.5	45.3	45.1	44.2	32.5	32.1	31.9	31.7	31.4	31.4	31.3	31.3	12.7	0.89	0	0	0	0	0	73.2	73.2	7	0.87	1.8	1.8	1.8	100	34.6	9.152	-9.9	0	99	0	0.4	1.8	2.2	45.7	0	433.6	371	0.89	336.5	409.3	275.8	240.9	168.4	168.4	133.5	0	0	0	0	0	0.89	0	0	0	-9.9	-9	433.6	45.7	0	0	45.7	0	6.8	0	-9.9	0.4	0.4	100	1.8	1.8	100	2.2	2.2	100
28	6	2017	75	3	31.7	1	16.3	19.3	22.2	404	0	0	0	0	0	0	0	0	0	0	0	0	45.8	46	42	34.5	34.4	33.8	33.3	33	32.7	32.5	32.3	32.2	11.3	0.9	0	0	0	0	0	73.3	73.3	13	0.88	0.8	0.8	0.8	100	34.6	9.416	-9.9	0	99	0	0.2	0.8	0.9	31.7	0	432.2	367.8	0.9	334.1	412.4	277.9	236.2	165.7	165.7	134.5	0	0	0	0	0	0.9	0	0	0	-9.9	-9	432.2	31.7	0	0	31.7	0	32.2	0	-9.9	0.2	0.2	100	0.8	0.8	100	0.9	0.9	100
29	6	2017	76	3	74.9	2.1	16	20.4	24.7	404	0	0	0	0	0	0	0	0	0	0	0	0	45.5	46	46	44.5	45.9	46	36.2	32.7	32.5	32.4	32.3	32.2	12.4	0.9	0	0	0	0	0	73.4	73.4	8	0.88	1.7	1.7	1.7	100	34.6	9.695	-9.9	0	99	0	0.4	1.7	2.1	74.9	0	472.2	407.8	0.9	376.6	415.7	280.2	244.1	170.7	170.7	135.6	0	0	0	0	0	0.9	0	0	0	-9.9	-9	472.2	74.9	0	0	74.9	0	32.9	0	-9.9	0.4	0.4	100	1.7	1.7	100	2.1	2.1	100
30	6	2017	77	3	66.6	1.3	16.5	19.4	22.2	404	0	0	0	0	0	0	0	0	0	0	0	0	45.7	46	46	45.3	45.8	43.6	34.5	34.2	33.8	33.5	33.3	33.1	11.4	0.91	0	0	0	0	0	73.5	73.5	12	0.88	1	1	1	100	34.6	9.961	1.5	0.152	99	0.05	0.2	1	1.2	66.6	0	474.9	408.5	0.91	378.5	418.8	282.2	241.6	169.3	169.3	136.6	0	0	0	0	0	0.91	0	0	0	-9.9	-9	474.9	66.6	0	0	66.6	0	62.6	0	-9.9	0.2	0.2	100	1	1	100	1.2	1.2	100
1	7	2017	78	3	48.1	1.6	13.3	17.6	22	404	0	0	0	0	0	0	0	0	0	0	0	0	45.7	46	46	46	33.6	34.5	34.5	34.4	34	33.7	33.5	33.3	9.6	0.92	0	0	0	0	0	74.2	74.2	25	0.88	1.1	1.1	1.1	100	34.6	10.188	1.7	0.178	99	0.06	0.3	1.1	1.3	48.1	0	455.1	388.4	0.92	360.1	421.4	284	244.7	171.3	171.3	137.4	0	0	0	0	0	0.92	0	0	0	-9.9	-9	455.1	48.1	0	0	48.1	0	66.6	0	-9.9	0.3	0.3	100	1.1	1.1	100	1.3	1.3	100
2	7	2017	79	3	15.8	1.6	12.9	17.3	21.7	404	0	0	0	0	0	0	0	0	0	0	0	0	45.7	36.1	34.6	34.6	34.6	34	33.7	33.6	33.3	33.1	32.9	32.8	9.3	0.92	-9	0	0	0	0	74.2	74.2	29	0.88	1	1	1	100	34.6	10.405	2	0.208	99	0.06	0.3	1	1.3	15.8	0	418.8	353.1	0.92	327.2	423.9	285.7	246.2	172.3	172.3	138.2	0	0	0	0	0	0.92	0	0	0	-9.9	-9	418.8	15.8	0	0	15.8	0	50.9	0	-9.9	0.3	0.3	100	1	1	100	1.3	1.3	100
3	7	2017	80	3	48.5	1.6	14.2	17.8	21.4	404	0	0	0	0	0	0	0	0	0	0	0	0	45.7	45	46	45.6	32.5	32.4	32.3	32.2	32.1	32	32	31.9	9.8	0.93	-9	0	0	0	0	74.3	74.3	24	0.88	1.1	1.1	1.1	100	34.6	10.637	2.3	0.244	99	0.08	0.3	1.1	1.3	48.5	0	439.6	375.7	0.93	352.4	426.6	287.5	247.7	173.4	173.4	139.1	0	0	0	0	0	0.93	0	0	0	-9.9	-9	439.6	48.5	0	0	48.5	0	26.4	0	-9.9	0.3	0.3	100	1.1	1.1	100	1.3	1.3	100
4	7	2017	81	3	16	1.1	14.3	18.6	22.9	404	0	0	0	0	0	0	0	0	0	0	0	0	45.8	36.5	34.6	34.5	34.5	33.9	33.6	33.3	32.9	32.7	32.5	32.4	10.6	0.93	-9	0	0	0	0	74.4	74.4	17	0.88	0.8	0.8	0.8	100	34.6	10.888	2.6	0.286	99	0.09	0.2	0.8	1	16	0	417.3	352.4	0.93	330.6	429.4	289.4	246.5	172.8	172.8	140	0	0	0	0	0	0.93	0	0	0	-9.9	-9	417.3	16	0	0	16	0	37.3	0	-9.9	0.2	0.2	100	0.8	0.8	100	1	1	100
5	7	2017	82	3	12.7	1.8	16.1	19.7	23.3	404	0	0	0	0	0	0	0	0	0	0	0	0	45.6	33.2	33.3	32.8	32.8	32.4	32.4	32.2	32.1	32.1	32	31.9	11.7	0.94	-9	0	0	0	0	74.4	74.4	11	0.88	1.4	1.4	1.4	100	34.6	11.16	3	0.334	99	0.1	0.3	1.4	1.7	12.7	0	402.9	339	0.94	319.9	432.6	291.5	252.3	176.5	176.5	141	0	0	0	0	0	0.94	0	0	0	-9.9	-9	402.9	12.7	0	0	12.7	0	25.4	0	-9.9	0.3	0.3	100	1.4	1.4	100	1.7	1.7	100
6	7	2017	83	3	19.2	0.9	15.7	18.4	21.2	404	0	0	0	0	0	0	0	0	0	0	0	0	45.8	40.8	32.9	32.4	32.1	31.9	31.8	31.8	31.7	31.7	31.6	31.6	10.4	0.95	-9	0	0	0	0	74.5	74.5	18	0.88	0.6	0.6	0.6	100	34.6	11.407	3.4	0.389	99	0.12	0.1	0.6	0.8	19.2	0	406	342.8	0.95	325.9	435.3	293.4	248.8	174.5	174.5	142	0	0	0	0	0	0.95	0	0	0	-9.9	-9	406	19.2	0	0	19.2	0	15.3	0	-9.9	0.1	0.1	100	0.6	0.6	100	0.8	0.8	100
7	7	2017	84	3	16.8	1	15.1	18.3	21.4	404	0	0	0	0	0	0	0	0	0	0	0	0	45.8	37.7	34	33.2	32.9	32.3	32.1	31.9	31.8	31.7	31.6	31.6	10.3	0.95	-9	0	0	0	0	74.5	74.5	20	0.87	0.7	0.7	0.7	100	34.6	11.649	3.9	0.452	99	0.14	0.2	0.7	0.9	16.8	0	406.7	343.5	0.95	328.4	438.1	295.2	250.9	176	176	142.9	0	0	0	0	0	0.95	0	0	0	-9.9	-9	406.7	16.8	0	0	16.8	0	15.2	0	-9.9	0.2	0.2	100	0.7	0.7	100	0.9	0.9	100
8	7	2017	85	3	29.2	1.6	15.3	18.8	22.3	404	0	0	0	0	0	0	0	0	0	0	0	0	45.7	44.9	39.6	32.8	32.5	32.2	32	31.9	31.8	31.7	31.6	31.6	10.8	0.96	-9	0	0	0	0	74.6	74.6	16	0.87	1.2	1.2	1.2	100	34.6	11.903	4.4	0.524	99	0.16	0.3	1.2	1.4	29.2	0	418.3	355.1	0.96	342	440.9	297.2	256	179.3	179.3	143.8	0	0	0	0	0	0.96	0	0	0	-9.9	-9	418.3	29.2	0	0	29.2	0	16.2	0	-9.9	0.3	0.3	100	1.2	1.2	100	1.4	1.4	100
9	7	2017	86	3	15.9	1.3	16.3	19	21.7	404	0	0	0	0	0	0	0	0	0	0	0	0	45.7	36.2	34.5	34	33.6	33.2	32.7	32.5	32.2	32.1	32	31.9	11	0.96	-9	0	0	0	0	74.6	74.6	15	0.87	1	1	1	100	34.6	12.16	5	0.605	99	0.18	0.2	1	1.2	15.9	0	410.5	346.6	0.96	335.4	443.9	299.1	256	179.4	179.4	144.7	0	0	0	0	0	0.96	0	0	0	-9.9	-9	410.5	15.9	0	0	15.9	0	22.6	0	-9.9	0.2	0.2	100	1	1	100	1.2	1.2	100
10	7	2017	87	3	37.5	0.8	16	18.6	21.2	404	0	0	0	0	0	0	0	0	0	0	0	0	45.8	45.5	46	33.7	32.5	32.4	32.2	32.1	32	31.9	31.8	31.7	10.6	0.97	-9	0	0	0	0	74.7	74.7	17	0.87	0.6	0.6	0.6	100	34.6	12.409	5.6	0.696	99	0.21	0.1	0.6	0.7	37.5	0	427.5	364	0.97	354.7	446.7	301	254.7	178.7	178.7	145.7	0	0	0	0	0	0.97	0	0	0	-9.9	-9	427.5	37.5	0	0	37.5	0	19.7	0	-9.9	0.1	0.1	100	0.6	0.6	100	0.7	0.7	100
11	7	2017	88	3	22	1	16	18.9	21.8	404	0	0	0	0	0	0	0	0	0	0	0	0	45.8	44.3	34.6	34.6	33.8	33.3	32.9	32.6	32.4	32.2	32.1	32	10.9	0.98	-9	0	0	0	0	74.7	74.7	15	0.87	0.7	0.7	0.7	100	34.6	12.664	6.3	0.794	99	0.24	0.2	0.7	0.9	22	0	420.6	356.4	0.98	349.1	449.5	303	257.5	180.6	180.6	146.6	0	0	0	0	0	0.98	0	0	0	-9.9	-9	420.6	22	0	0	22	0	28.1	0	-9.9	0.2	0.2	100	0.7	0.7	100	0.9	0.9	100
12	7	2017	89	3	17.5	0.7	16.3	19	21.7	404	0	0	0	0	0	0	0	0	0	0	0	0	45.9	38.8	34.4	33.5	33	32.9	32.6	32.4	32.3	32.1	32	31.9	11	0.98	-9	0	0	0	0	74.7	74.7	15	0.87	0.5	0.5	0.5	100	34.6	12.92	6.9	0.895	99	0.27	0.1	0.5	0.6	17.5	0	411.9	348	0.98	342.7	452.4	304.9	257.4	180.7	180.7	147.5	0	0	0	0	0	0.98	0	0	0	-9.9	-9	411.9	17.5	0	0	17.5	0	25.5	0	-9.9	0.1	0.1	100	0.5	0.5	100	0.6	0.6	100
13	7	2017	90	3	2.1	0.7	16.2	18.9	21.5	404	0	0	0	0	0	0	0	0	0	0	0	0	33.9	34.6	33.9	33.6	32.7	32.5	32.2	32.1	32	31.9	31.8	31.8	10.9	0.99	-9	0	0	0	0	74.7	74.7	16	0.87	0.5	0.5	0.5	100	34.6	13.173	7.6	1	99	0.3	0.1	0.5	0.6	2.1	0	393.1	329.6	0.99	326.3	455.3	306.8	259	181.8	181.8	148.5	0	0	0	0	0	0.99	0	0	0	-9.9	-9	393.1	2.1	0	0	2.1	0	20.3	0	-9.9	0.1	0.1	100	0.5	0.5	100	0.6	0.6	100
14	7	2017	91	3	20.8	0.9	15.7	18.7	21.7	404	0	0	0	0	0	0	0	0	0	0	0	0	45.2	38.7	31.9	31.9	31.8	31.7	31.7	31.6	31.6	31.5	31.5	31.5	10.7	1	-9	0	0	0	0	74.8	74.8	17	0.86	0.6	0.6	0.6	100	34.6	13.423	8.2	1.107	99	0.33	0.1	0.6	0.8	20.8	0	400.6	337.6	1	336.3	458.1	308.7	261.8	183.7	183.7	149.4	0	0	0	0	0	1	0	0	0	-9.9	-9	400.6	20.8	0	0	20.8	0	12.6	0	-9.9	0.1	0.1	100	0.6	0.6	100	0.8	0.8	100
15	7	2017	92	3	5.2	2.3	15.6	19.6	23.6	404	0	0	0	0	0	0	0	0	0	0	0	0	36.2	34.2	33.6	33.2	32.5	32.1	31.9	31.8	31.6	31.6	31.5	31.5	11.6	1	-9	0	-9	0	0	74.4	74.4	11	0.84	1.7	1.7	1.7	100	34.6	13.682	8.9	1.219	99	0.36	0.4	1.7	2.1	5.2	0	391.7	328.7	1	328.7	460	310	271.3	189.6	189.6	150	0	0	0	0	0	1	0	0	0	-9.9	-9	391.7	5.2	0	0	5.2	0	12	0	-9.9	0.4	0.4	100	1.7	1.7	100	2.1	2.1	100
16	7	2017	93	3	3.6	2	15.5	18.6	21.6	404	0	0	0	0	0	0	0	0	0	0	0	0	34.3	32.5	32.1	31.9	31.8	31.7	31.6	31.6	31.5	31.5	31.4	31.4	10.6	1	-9	0	-9	0	0	74.2	74.2	18	0.83	1.4	1.4	1.4	100	34.6	13.918	9.6	1.331	99	0.39	0.3	1.4	1.7	3.6	0	383.2	320.5	1	320.5	460	310	269.5	188.5	188.5	150	0	0	0	0	0	1	0	0	0	-9.9	-9	383.2	3.6	0	0	3.6	0	10.3	0	-9.9	0.3	0.3	100	1.4	1.4	100	1.7	1.7	100
17	7	2017	94	3	2.1	2.7	15.5	19.5	23.5	404	0	0	0	0	0	0	0	0	0	0	0	0	32	31.5	31.6	31.5	31.4	31.4	31.3	31.3	31.3	31.3	31.2	31.2	11.5	1	-9	0	-9	0	0	73.8	73.8	12	0.81	1.9	1.9	1.9	100	34.6	14.165	10.2	1.448	99	0.42	0.5	1.9	2.4	2.1	0	376.9	314.4	1	314.4	460	310	273.7	191.1	191.1	150	0	0	0	0	0	1	0	0	0	-9.9	-9	376.9	2.1	0	0	2.1	0	6.1	0	-9.9	0.5	0.5	100	1.9	1.9	100	2.4	2.4	100
18	7	2017	95	3	0.5	3.2	16.7	20.8	24.8	404	0	0	0	0	0	0	0	0	0	0	0	0	29.7	30.4	31.2	31.2	31.2	31.2	31.1	31.1	31.1	31.1	31.1	31.1	12.8	1	-9	0	-9	0	0	73.4	73.4	6	0.79	2.4	2.4	2.4	100	34.6	14.42	10.9	1.57	99	0.46	0.5	2.4	2.9	0.5	0	371.5	309.3	1	309.3	460	310	276.8	192.9	192.9	150	0	0	0	0	0	1	0	0	0	-9.9	-9	371.5	0.5	0	0	0.5	0	3	0	-9.9	0.5	0.5	100	2.4	2.4	100	2.9	2.9	100
19	7	2017	96	3	6	1.3	16.7	19.4	22.1	404	0	0	0	0	0	0	0	0	0	0	0	0	34.6	30.4	31.1	31.1	31	31	31	31	31	31	31	31	11.4	1	-9	0	-9	0	0	73.1	73.1	12	0.77	0.9	0.9	0.9	100	34.6	14.653	11.5	1.692	99	0.49	0.2	0.9	1.1	6	0	375.4	313.3	1	313.3	460	310	265.3	185.9	185.9	150	0	0	0	0	0	1	0	0	0	-9.9	-9	375.4	6	0	0	6	0	1	0	-9.9	0.2	0.2	100	0.9	0.9	100	1.1	1.1	100
20	7	2017	97	4	0.2	1.6	16.9	19.9	23	404	0	0	0	0	0	0	0	0	0	0	0	0	30.6	31.6	31.3	31.3	31.1	31.1	31.1	31.1	31.1	31	31	31	11.9	1	-9	0	-9	0	0	72.6	72.6	9	0.75	1.1	1.1	1.1	100	34.6	14.887	12.2	1.817	99	0.52	0.3	1.1	1.4	0.2	0	373.3	311.2	1	311.2	460	310	267.1	187	187	150	0	0	0	0	0	1	0	0	0	-9.9	-9	373.3	0.2	0	0	0.2	0	0.9	0	-9.9	0.3	0.3	100	1.1	1.1	100	1.4	1.4	100
21	7	2017	98	4	6.8	1.5	16.6	19.7	22.8	404	0	0	0	0	0	0	0	0	0	0	0	0	36.2	31.2	31.1	31.1	31.1	31.1	31.1	31.1	31	31	31	31	11.7	1	-9	0	-9	0	0	72.2	72.2	11	0.72	1	1	1	100	34.6	15.111	12.9	1.944	99	0.56	0.3	1	1.2	6.8	0	378	315.9	1	315.9	460	310	266.5	186.6	186.6	150	0	0	0	0	0	1	0	0	0	-9.9	-9	378	6.8	0	0	6.8	0	0.9	0	-9.9	0.3	0.3	100	1	1	100	1.2	1.2	100
22	7	2017	99	4	12.6	1.8	15.5	18.9	22.4	404	0	0	0	0	0	0	0	0	0	0	0	0	43.6	32.1	31.6	31.3	31.2	31.2	31.1	31.1	31.1	31.1	31.1	31.1	10.9	1	-9	0	-9	0	0	71.7	71.7	15	0.7	1.1	1.1	1.1	100	34.6	15.317	13.5	2.071	99	0.59	0.3	1.1	1.4	12.6	0	387.6	325.4	1	325.4	460	310	268.3	187.7	187.7	150	0	0	0	0	0	1	0	0	0	-9.9	-9	387.6	12.6	0	0	12.6	0	1.6	0	-9.9	0.3	0.3	100	1.1	1.1	100	1.4	1.4	100
23	7	2017	100	4	25.5	0.8	14.8	17.6	20.4	404	0	0	0	0	0	0	0	0	0	0	0	0	45.4	46	32.9	32.3	31.8	31.6	31.4	31.4	31.3	31.3	31.2	31.2	9.6	1	-9	0	-9	0	0	71.3	71.3	26	0.68	0.4	0.4	0.4	100	34.6	15.491	14.2	2.197	99	0.63	0.1	0.4	0.6	25.5	0	407.8	345.4	1	345.4	460	310	262.3	184	184	150	0	0	0	0	0	1	0	0	0	-9.9	-9	407.8	25.5	0	0	25.5	0	4.7	0	-9.9	0.1	0.1	100	0.4	0.4	100	0.6	0.6	100
24	7	2017	101	4	3.1	2	14.8	19.2	23.6	404	0	0	0	0	0	0	0	0	0	0	0	0	33.8	34.6	34.5	34.2	33.2	32.7	32.3	32.1	31.9	31.8	31.7	31.6	11.2	1	-9	0	-9	0	0	70.8	70.8	13	0.65	1.1	1.1	1.1	100	34.6	15.687	14.8	2.328	99	0.66	0.4	1.1	1.5	3.1	0	394.4	331.1	1	331.1	460	310	269.5	188.5	188.5	150	0	0	0	0	0	1	0	0	0	-9.9	-9	394.4	3.1	0	0	3.1	0	15	0	-9.9	0.4	0.4	100	1.1	1.1	100	1.5	1.5	100
25	7	2017	102	4	14	0.9	15.7	18.5	21.4	404	0	0	0	0	0	0	0	0	0	0	0	0	45.2	32	32	31.9	31.9	31.8	31.8	31.7	31.6	31.6	31.5	31.5	10.5	1	-9	0	-9	0	0	70.2	70.2	18	0.63	0.5	0.5	0.5	100	34.6	15.866	15.5	2.459	99	0.7	0.2	0.5	0.6	14	0	394.6	331.6	1	331.6	460	310	262.9	184.4	184.4	150	0	0	0	0	0	1	0	0	0	-9.9	-9	394.6	14	0	0	14	0	13.2	0	-9.9	0.2	0.2	100	0.5	0.5	100	0.6	0.6	100
26	7	2017	103	4	17.1	1.4	16	19.4	22.9	404	0	0	0	0	0	0	0	0	0	0	0	0	45	38.6	32.7	32.3	32	31.7	31.6	31.5	31.5	31.4	31.4	31.4	11.4	1	-9	0	-9	0	0	69.6	69.6	12	0.6	0.7	0.7	0.7	100	34.6	16.05	16.2	2.593	99	0.73	0.3	0.7	1	17.1	0	401.1	338.3	1	338.3	460	310	265.9	186.3	186.3	150	0	0	0	0	0	1	0	0	0	-9.9	-9	401.1	17.1	0	0	17.1	0	9.6	0	-9.9	0.3	0.3	100	0.7	0.7	100	1	1	100
27	7	2017	104	4	17.2	2.2	16.7	21.3	25.9	404	0	0	0	0	0	0	0	0	0	0	0	0	45.4	37.6	33.6	32.9	32.7	32.2	32	31.8	31.7	31.6	31.5	31.5	13.3	1	-9	0	-9	0	0	68.8	68.8	5	0.57	1.2	1.2	1.2	100	34.6	16.237	16.8	2.731	99	0.77	0.4	1.2	1.6	17.2	0	404.4	341.4	1	341.4	460	310	270.7	189.2	189.2	150	0	0	0	0	0	1	0	0	0	-9.9	-9	404.4	17.2	0	0	17.2	0	12.2	0	-9.9	0.4	0.4	100	1.2	1.2	100	1.6	1.6	100
28	7	2017	105	4	4.6	3.4	17.1	21.4	25.6	404	0	0	0	0	0	0	0	0	0	0	0	0	35.1	34.3	33.5	33.5	32.5	32.3	32.1	31.9	31.8	31.7	31.6	31.6	13.4	1	-9	0	-9	0	0	67.9	67.9	5	0.54	1.7	1.7	1.7	100	34.6	16.414	17.5	2.869	99	0.8	0.7	1.7	2.4	4.6	0	391.9	328.7	1	328.7	460	310	278	193.7	193.7	150	0	0	0	0	0	1	0	0	0	-9.9	-9	391.9	4.6	0	0	4.6	0	14.7	0	-9.9	0.7	0.7	100	1.7	1.7	100	2.4	2.4	100
29	7	2017	106	4	8.4	2.8	16.6	22.1	27.7	404	0	0	0	0	0	0	0	0	0	0	0	0	38.6	32.2	32	31.9	31.8	31.7	31.6	31.6	31.5	31.5	31.4	31.4	14.1	1	-9	0	-9	0	0	66.9	66.9	3	0.5	1.3	1.3	1.3	100	34.6	16.581	18.1	3.007	99	0.84	0.6	1.3	1.9	8.4	0	387.2	324.4	1	324.4	460	310	274.3	191.5	191.5	150	0	0	0	0	0	1	0	0	0	-9.9	-9	387.2	8.4	0	0	8.4	0	11.1	0	-9.9	0.6	0.6	100	1.3	1.3	100	1.9	1.9	100
30	7	2017	107	4	10.3	1.6	16.5	20.6	24.7	404	0	0	0	0	0	0	0	0	0	0	0	0	42.3	32.8	32	31.7	31.5	31.4	31.4	31.3	31.3	31.3	31.3	31.3	12.6	1	-9	0	-9	0	0	65.9	65.9	7	0.46	0.7	0.7	0.7	100	34.6	16.73	18.8	3.144	99	0.87	0.3	0.7	1	10.3	0	389.6	327.1	1	327.1	460	310	267.1	187	187	150	0	0	0	0	0	1	0	0	0	-9.9	-9	389.6	10.3	0	0	10.3	0	6.9	0	-9.9	0.3	0.3	100	0.7	0.7	100	1	1	100
31	7	2017	108	4	10.3	1.7	15.8	19.1	22.3	404	0	0	0	0	0	0	0	0	0	0	0	0	43.2	33.6	32.5	31.9	31.7	31.5	31.4	31.4	31.3	31.3	31.3	31.2	11.1	1	-9	0	-9	0	0	65	65	14	0.43	0.6	0.6	0.6	100	34.6	16.858	19.5	3.28	99	0.91	0.4	0.6	1	10.3	0	392.4	329.9	1	329.9	460	310	267.7	187.4	187.4	150	0	0	0	0	0	1	0	0	0	-9.9	-9	392.4	10.3	0	0	10.3	0	6.5	0	-9.9	0.4	0.4	100	0.6	0.6	100	1	1	100
1	8	2017	109	4	41.5	1.4	14.8	18.3	21.7	404	0	0	0	0	0	0	0	0	0	0	0	0	45.6	45.6	46	36.3	31.8	31.7	31.6	31.5	31.4	31.4	31.3	31.3	10.3	1	-9	0	-9	0	0	64.1	64.1	20	0.4	0.5	0.5	0.5	100	34.6	16.97	20.1	3.413	99	0.94	0.3	0.5	0.8	41.5	0	425.4	362.8	1	362.8	460	310	265.9	186.3	186.3	150	0	0	0	0	0	1	0	0	0	-9.9	-9	425.4	41.5	0	0	41.5	0	7.7	0	-9.9	0.3	0.3	100	0.5	0.5	100	0.8	0.8	100
2	8	2017	110	4	15.2	2.8	15.1	19.7	24.3	404	0	0	0	0	0	0	0	0	0	0	0	0	45.2	35.4	34.6	34.6	34	33.9	33.1	32.9	32.5	32.3	32.2	32	11.7	1	-9	0	-9	0	0	62.9	62.9	11	0.37	0.9	0.9	0.9	100	34.6	17.085	20.8	3.549	99	0.98	0.6	0.9	1.6	15.2	0	412.7	348.5	1	348.5	460	310	274.3	191.5	191.5	150	0	0	0	0	0	1	0	0	0	-9.9	-9	412.7	15.2	0	0	15.2	0	26.4	0	-9.9	0.6	0.6	100	0.9	0.9	100	1.6	1.6	100
3	8	2017	111	4	22.3	2	15.4	19.6	23.9	404	0	0	0	0	0	0	0	0	0	0	0	0	45.4	44.7	33.1	32.7	32.4	32.3	32.2	32.1	32	31.9	31.8	31.8	11.6	1	-9	0	-9	0	0	61.7	61.7	11	0.34	0.6	0.6	0.6	100	34.6	17.189	21.4	3.684	99	1.01	0.5	0.6	1.1	22.3	0	412.4	348.8	1	348.8	460	310	269.5	188.5	188.5	150	0	0	0	0	0	1	0	0	0	-9.9	-9	412.4	22.3	0	0	22.3	0	21.5	0	-9.9	0.5	0.5	100	0.6	0.6	100	1.1	1.1	100
4	8	2017	112	4	32.5	1.2	15.4	18.6	21.7	404	0	0	0	0	0	0	0	0	0	0	0	0	45.6	45.8	43.6	33.4	32.8	32.4	32.2	32	31.9	31.8	31.8	31.7	10.6	1	-9	0	-9	0	0	60.5	60.5	18	0.31	0.3	0.3	0.3	100	34.6	17.276	22.1	3.816	99	1.04	0.3	0.3	0.6	32.5	0	425.1	361.6	1	361.6	460	310	264.7	185.5	185.5	150	0	0	0	0	0	1	0	0	0	-9.9	-9	425.1	32.5	0	0	32.5	0	19.2	0	-9.9	0.3	0.3	100	0.3	0.3	100	0.6	0.6	100
5	8	2017	113	4	47.6	1.2	16.1	18.9	21.7	404	0	0	0	0	0	0	0	0	0	0	0	0	45.6	46	46	46	33.5	33.3	33.1	32.7	32.5	32.3	32.1	32	10.9	1	-9	0	-9	0	0	59.2	59.2	15	0.28	0.3	0.3	0.3	100	34.6	17.357	22.7	3.949	99	1.08	0.3	0.3	0.6	47.6	0	445	380.9	1	380.9	460	310	264.7	185.5	185.5	150	0	0	0	0	0	1	0	0	0	-9.9	-9	445	47.6	0	0	47.6	0	27.1	0	-9.9	0.3	0.3	100	0.3	0.3	100	0.6	0.6	100
6	8	2017	114	4	10.9	1.2	15.9	19.1	22.2	404	0	0	0	0	0	0	0	0	0	0	0	0	44.8	34.6	34.6	34.6	34.6	34	33.5	33.2	33	32.7	32.6	32.4	11.1	1	-9	0	-9	0	0	57.7	57.7	14	0.25	0.3	0.3	0.3	100	34.6	17.43	23.4	4.08	99	1.11	0.3	0.3	0.6	10.9	0	414.7	349.7	1	349.7	460	310	264.7	185.5	185.5	150	0	0	0	0	0	1	0	0	0	-9.9	-9	414.7	10.9	0	0	10.9	0	40.7	0	-9.9	0.3	0.3	100	0.3	0.3	100	0.6	0.6	100
7	8	2017	115	4	17.1	2.9	15.8	20.3	24.7	404	0	0	0	0	0	0	0	0	0	0	0	0	45	38.2	33	32.9	32.4	32.4	32.2	32.2	32.1	32	31.9	31.9	12.3	1	-9	0	-9	0	0	56	56	8	0.21	0.6	0.6	0.6	100	34.6	17.497	24.1	4.211	99	1.14	0.8	0.6	1.3	17.1	0	406.1	342.3	1	342.3	460	310	274.9	191.8	191.8	150	0	0	0	0	0	1	0	0	0	-9.9	-9	406.1	17.1	0	0	17.1	0	24.3	0	-9.9	0.8	0.8	100	0.6	0.6	100	1.3	1.3	100
8	8	2017	116	4	6.2	1.5	16.2	20.3	24.3	404	0	0	0	0	0	0	0	0	0	0	0	0	38.8	34.4	33.5	32.7	32.7	32.2	32.1	31.9	31.8	31.7	31.7	31.6	12.3	1	-9	0	-9	0	0	54.1	54.1	8	0.18	0.2	0.2	0.2	100	34.6	17.555	24.7	4.341	99	1.18	0.4	0.2	0.7	6.2	0	395.1	331.8	1	331.8	460	310	266.5	186.6	186.6	150	0	0	0	0	0	1	0	0	0	-9.9	-9	395.1	6.2	0	0	6.2	0	16.6	0	-9.9	0.4	0.4	100	0.2	0.2	100	0.7	0.7	100
9	8	2017	117	4	9.8	2.6	16.7	20.3	23.8	404	0	0	0	0	0	0	0	0	0	0	0	0	41.8	33.1	32.4	32.1	31.9	31.8	31.7	31.6	31.5	31.5	31.5	31.4	12.3	1	-9	0	-9	0	0	52.1	52.1	8	0.15	0.4	0.4	0.4	100	34.6	17.602	25.4	4.468	99	1.21	0.7	0.4	1.1	9.8	0	392.2	329.3	1	329.3	460	310	273.1	190.7	190.7	150	0	0	0	0	0	1	0	0	0	-9.9	-9	392.2	9.8	0	0	9.8	0	11.6	0	-9.9	0.7	0.7	100	0.4	0.4	100	1.1	1.1	100
10	8	2017	118	4	6.1	0.8	16.4	19.4	22.4	404	0	0	0	0	0	0	0	0	0	0	0	0	39	33.6	32.4	32	31.8	31.7	31.6	31.5	31.4	31.4	31.4	31.3	11.4	1	-9	0	-9	0	0	50	50	12	0.12	0.1	0.1	0.1	100	34.6	17.64	26	4.594	99	1.24	0.2	0.1	0.3	6.1	0	389.2	326.5	1	326.5	460	310	262.3	184	184	150	0	0	0	0	0	1	0	0	0	-9.9	-9	389.2	6.1	0	0	6.1	0	8.8	0	-9.9	0.2	0.2	100	0.1	0.1	100	0.3	0.3	100
11	8	2017	119	4	7.6	3.3	15.2	20.2	25.2	404	0	0	0	0	0	0	0	0	0	0	0	0	39.4	33.1	32.2	31.9	31.7	31.5	31.5	31.4	31.4	31.3	31.3	31.3	12.2	1	-9	0	-9	0	0	47.7	47.7	8	0.1	0.3	0.3	0.3	100	34.6	17.671	26.7	4.719	99	1.27	1	0.3	1.3	7.6	0	388.1	325.5	1	325.5	460	310	277.4	193.3	193.3	150	0	0	0	0	0	1	0	0	0	-9.9	-9	388.1	7.6	0	0	7.6	0	7.4	0	-9.9	1	1	100	0.3	0.3	100	1.3	1.3	100
12	8	2017	120	4	19.4	1.6	14.7	18.9	23.2	404	0	0	0	0	0	0	0	0	0	0	0	0	45.4	39.8	32.2	31.8	31.6	31.5	31.4	31.4	31.3	31.3	31.3	31.2	10.9	1	-9	0	-9	0	0	45.4	45.4	15	0.08	0.1	0.1	0.1	100	34.6	17.694	27.4	4.842	99	1.3	0.5	0.1	0.6	19.4	0	400.3	337.8	1	337.8	460	310	267.1	187	187	150	0	0	0	0	0	1	0	0	0	-9.9	-9	400.3	19.4	0	0	19.4	0	6.5	0	-9.9	0.5	0.5	100	0.1	0.1	100	0.6	0.6	100
13	8	2017	121	4	24.7	1.2	14.3	18.4	22.5	404	0	0	0	0	0	0	0	0	0	0	0	0	45.6	46	33.8	33.4	32.6	32.2	31.9	31.8	31.7	31.6	31.5	31.4	10.4	1	-9	0	-9	0	0	43	43	19	0.06	0.1	0.1	0.1	100	34.6	17.711	28	4.963	99	1.33	0.4	0.1	0.4	24.7	0	413.4	350.5	1	350.5	460	310	264.7	185.5	185.5	150	0	0	0	0	0	1	0	0	0	-9.9	-9	413.4	24.7	0	0	24.7	0	11.2	0	-9.9	0.4	0.4	100	0.1	0.1	100	0.4	0.4	100
14	8	2017	122	4	20.5	0.7	16	18.7	21.4	404	0	0	0	0	0	0	0	0	0	0	0	0	45.7	43	34.6	33.5	33	32.6	32.3	32.1	32	31.9	31.8	31.8	10.7	1	-9	0	-9	0	0	40.5	40.5	17	0.04	0	0	0	100	34.6	17.723	28.7	5.083	99	1.36	0.2	0	0.3	20.5	0	414.4	350.8	1	350.8	460	310	261.7	183.7	183.7	150	0	0	0	0	0	1	0	0	0	-9.9	-9	414.4	20.5	0	0	20.5	0	19.3	0	-9.9	0.2	0.2	100	0	0	100	0.3	0.3	100
15	8	2017	123	4	6.4	2.4	16	19.7	23.4	404	0	0	0	0	0	0	0	0	0	0	0	0	38.8	34.6	34.2	33.4	32.9	32.8	32.5	32.3	32.1	32	31.9	31.8	11.7	1	-9	0	-9	0	0	37.4	37.4	11	0.03	0.1	0.1	0.1	100	34.6	17.733	29.3	5.203	99	1.39	0.8	0.1	0.9	6.4	0	399.1	335.4	1	335.4	460	310	271.9	190	190	150	0	0	0	0	0	1	0	0	0	-9.9	-9	399.1	6.4	0	0	6.4	0	20.8	0	-9.9	0.8	0.8	100	0.1	0.1	100	0.9	0.9	100
16	8	2017	124	4	1.4	1.3	16.2	19.3	22.3	404	0	0	0	0	0	0	0	0	0	0	0	0	32.6	33.1	33	32.2	32.2	32	31.9	31.8	31.7	31.6	31.6	31.6	11.3	1	-9	0	-9	0	0	34.3	34.3	13	0.02	0	0	0	100	34.6	17.739	30	5.322	99	1.42	0.5	0	0.5	1.4	0	385.1	321.9	1	321.9	460	310	265.3	185.9	185.9	150	0	0	0	0	0	1	0	0	0	-9.9	-9	385.1	1.4	0	0	1.4	0	14.9	0	-9.9	0.5	0.5	100	0	0	100	0.5	0.5	100
17	8	2017	125	4	10	1.9	16.4	20.5	24.7	404	0	0	0	0	0	0	0	0	0	0	0	0	40.7	31.6	31.6	31.5	31.5	31.4	31.4	31.4	31.3	31.3	31.3	31.3	12.5	1	-9	0	-9	0	0	30.5	30.5	7	0.01	0	0	0	100	34.6	17.743	30	5.323	99	1.42	0.7	0	0.8	10	0	386.4	323.8	1	323.8	460	310	268.9	188.1	188.1	150	0	0	0	0	0	1	0	0	0	-9.9	-9	386.4	10	0	0	10	0	8	0	-9.9	0.7	0.7	100	0	0	100	0.8	0.8	100
18	8	2017	126	4	0.8	1.8	16.6	20.2	23.8	404	0	0	0	0	0	0	0	0	0	0	0	0	32.8	33.1	32.1	32.1	31.5	31.5	31.4	31.3	31.3	31.3	31.2	31.2	12.2	1	-9	0	-9	0	0	26.5	26.5	8	0.01	0	0	0	100	34.6	17.744	30	5.323	99	1.42	0.8	0	0.8	0.8	0	380.8	318.4	1	318.4	460	310	268.3	187.7	187.7	150	0	0	0	0	0	1	0	0	0	-9.9	-9	380.8	0.8	0	0	0.8	0	5.6	0	-9.9	0.8	0.8	100	0	0	100	0.8	0.8	100
19	8	2017	127	4	5.6	3.2	16.8	21.3	25.8	404	0	0	0	0	0	0	0	0	0	0	0	0	35.6	31.6	31.6	31.5	31.4	31.3	31.3	31.3	31.2	31.2	31.2	31.2	13.3	1	-9	0	-9	0	0	21.7	21.7	5	0	0	0	0	100	34.6	17.745	30	5.324	99	1.41	1.5	0	1.5	5.6	0	380.3	318	1	318	460	310	276.8	192.9	192.9	150	0	0	0	0	0	1	0	0	0	-9.9	-9	380.3	5.6	0	0	5.6	0	4.6	0	-9.9	1.5	1.5	100	0	0	100	1.5	1.5	100
20	8	2017	128	4	2.2	2.2	14.8	19.8	24.7	404	0	0	0	0	0	0	0	0	0	0	0	0	33	32.1	31.6	31.6	31.3	31.3	31.2	31.2	31.2	31.2	31.1	31.1	11.8	1	-9	0	-9	0	0	17.1	17.1	10	0	0	0	0	100	34.6	17.745	30	5.324	99	1.41	1.1	0	1.1	2.2	0	377.9	315.6	1	315.6	460	310	270.7	189.2	189.2	150	0	0	0	0	0	1	0	0	0	-9.9	-9	377.9	2.2	0	0	2.2	0	3.5	0	-9.9	1.1	1.1	100	0	0	100	1.1	1.1	100
21	8	2017	129	4	0.6	2.5	14.5	18.5	22.5	404	0	0	0	0	0	0	0	0	0	0	0	0	30.5	31.6	31.5	31.4	31.3	31.2	31.2	31.2	31.1	31.1	31.1	31.1	10.5	1	-9	0	-9	0	0	12.7	12.7	18	0	0	0	0	100	34.6	17.745	30	5.324	99	1.4	1.3	0	1.3	0.6	0	374.3	312	1	312	460	310	272.5	190.3	190.3	150	0	0	0	0	0	1	0	0	0	-9.9	-9	374.3	0.6	0	0	0.6	0	2.9	0	-9.9	1.4	1.3	98	0	0	100	1.4	1.3	98
22	8	2017	130	4	1.6	2.3	14.4	19.2	24	404	0	0	0	0	0	0	0	0	0	0	0	0	30.7	31.2	31.1	31.1	31.1	31.1	31.1	31.1	31.1	31.1	31.1	31.1	11.2	1	-9	0	-9	0	0	7.7	7.7	13	0	0	0	0	100	34.6	17.745	30	5.324	99	1.4	1.4	0	1.4	1.6	0	372.8	310.6	1	310.6	460	310	271.3	189.6	189.6	150	0	0	0	0	0	1	0	0	0	-9.9	-9	372.8	1.6	0	0	1.6	0	1.7	0	-9.9	1.4	1.4	100	0	0	100	1.4	1.4	100
23	8	2017	131	4	5.4	1.5	14.6	18	21.4	404	0	0	0	0	0	0	0	0	0	0	0	0	35.1	31	31	31	31	31	31	31	31	31	31	31	10	1	-9	-9	-9	0	-9	0	0	0	-9	0	0	0	100	34.6	17.745	30	5.324	99	1.4	1	0	1	5.4	0	376.4	314.4	1	314.4	460	310	271.3	186.6	189.6	150	0	0	0	0	0	1	0	0	0	-9.9	-9	376.4	5.4	0	0	5.4	0	0.7	0	-9.9	1	1	100	0	0	100	1	1	100
